{
  "Westminster": {
    "Italian": 22.17768871,
    "Chinese": 11.95724783,
    "Indian": 5.410821643,
    "Japanese_Korean": 11.55644623,
    "Pakistani": 2.738810955,
    "Southeast_Asian": 6.947227789,
    "Mediterranean": 7.348029392,
    "Middle_Eastern": 6.21242485,
    "French": 7.281229125,
    "American": 4.943219773,
    "European_Other": 4.809619238,
    "African": 1.402805611,
    "Latin_American": 4.943219773,
    "Other": 2.271209085
  },
  "Camden": {
    "Italian": 21.68508287,
    "Chinese": 9.806629834,
    "Indian": 9.392265193,
    "Japanese_Korean": 12.15469613,
    "Pakistani": 3.729281768,
    "Southeast_Asian": 7.872928177,
    "Mediterranean": 11.60220994,
    "Middle_Eastern": 2.348066298,
    "French": 4.696132597,
    "American": 2.900552486,
    "European_Other": 4.834254144,
    "African": 1.243093923,
    "Latin_American": 5.939226519,
    "Other": 1.79558011
  },
  "Islington": {
    "Italian": 20.39473684,
    "Chinese": 6.359649123,
    "Indian": 7.894736842,
    "Japanese_Korean": 8.333333333,
    "Pakistani": 3.728070175,
    "Southeast_Asian": 11.18421053,
    "Mediterranean": 13.81578947,
    "Middle_Eastern": 1.754385965,
    "French": 5.48245614,
    "American": 2.850877193,
    "European_Other": 3.947368421,
    "African": 3.070175439,
    "Latin_American": 9.210526316,
    "Other": 1.973684211
  },
  "Hackney": {
    "Italian": 12.72084806,
    "Chinese": 8.127208481,
    "Indian": 9.187279152,
    "Japanese_Korean": 5.653710247,
    "Pakistani": 1.766784452,
    "Southeast_Asian": 13.07420495,
    "Mediterranean": 18.3745583,
    "Middle_Eastern": 1.413427562,
    "French": 3.886925795,
    "American": 5.653710247,
    "European_Other": 4.240282686,
    "African": 3.180212014,
    "Latin_American": 11.30742049,
    "Other": 1.413427562
  },
  "Hammersmith and Fulham": {
    "Italian": 22.60273973,
    "Chinese": 8.904109589,
    "Indian": 8.219178082,
    "Japanese_Korean": 7.876712329,
    "Pakistani": 4.452054795,
    "Southeast_Asian": 12.32876712,
    "Mediterranean": 8.904109589,
    "Middle_Eastern": 6.164383562,
    "French": 1.712328767,
    "American": 4.109589041,
    "European_Other": 6.849315068,
    "African": 1.712328767,
    "Latin_American": 4.452054795,
    "Other": 1.712328767
  },
  "Tower Hamlets": {
    "Italian": 11.5902965,
    "Chinese": 9.433962264,
    "Indian": 18.86792453,
    "Japanese_Korean": 7.277628032,
    "Pakistani": 10.2425876,
    "Southeast_Asian": 8.086253369,
    "Mediterranean": 12.39892183,
    "Middle_Eastern": 1.886792453,
    "French": 2.425876011,
    "American": 4.851752022,
    "European_Other": 3.773584906,
    "African": 1.347708895,
    "Latin_American": 5.121293801,
    "Other": 2.69541779
  },
  "Southwark": {
    "Italian": 18.18181818,
    "Chinese": 11.81818182,
    "Indian": 11.51515152,
    "Japanese_Korean": 5.757575758,
    "Pakistani": 4.848484848,
    "Southeast_Asian": 9.090909091,
    "Mediterranean": 9.696969697,
    "Middle_Eastern": 1.818181818,
    "French": 4.848484848,
    "American": 3.03030303,
    "European_Other": 6.666666667,
    "African": 3.636363636,
    "Latin_American": 7.878787879,
    "Other": 1.212121212
  },
  "Kensington and Chelsea": {
    "Italian": 29.56730769,
    "Chinese": 4.326923077,
    "Indian": 5.288461538,
    "Japanese_Korean": 9.134615385,
    "Pakistani": 3.605769231,
    "Southeast_Asian": 6.25,
    "Mediterranean": 8.173076923,
    "Middle_Eastern": 5.769230769,
    "French": 7.932692308,
    "American": 6.25,
    "European_Other": 5.288461538,
    "African": 1.682692308,
    "Latin_American": 3.846153846,
    "Other": 2.884615385
  },
  "Lambeth": {
    "Italian": 15.06849315,
    "Chinese": 9.315068493,
    "Indian": 9.589041096,
    "Japanese_Korean": 7.671232877,
    "Pakistani": 4.109589041,
    "Southeast_Asian": 6.575342466,
    "Mediterranean": 6.575342466,
    "Middle_Eastern": 2.191780822,
    "French": 3.287671233,
    "American": 4.383561644,
    "European_Other": 9.589041096,
    "African": 4.931506849,
    "Latin_American": 15.61643836,
    "Other": 1.095890411
  },
  "City of London": {
    "Italian": 24.75570033,
    "Chinese": 5.211726384,
    "Indian": 6.51465798,
    "Japanese_Korean": 19.21824104,
    "Pakistani": 2.931596091,
    "Southeast_Asian": 7.817589577,
    "Mediterranean": 4.885993485,
    "Middle_Eastern": 0.977198697,
    "French": 5.863192182,
    "American": 4.885993485,
    "European_Other": 5.863192182,
    "African": 0.325732899,
    "Latin_American": 9.446254072,
    "Other": 1.302931596
  },
  "Wandsworth": {
    "Italian": 20.94594595,
    "Chinese": 12.16216216,
    "Indian": 16.55405405,
    "Japanese_Korean": 5.405405405,
    "Pakistani": 9.459459459,
    "Southeast_Asian": 7.77027027,
    "Mediterranean": 3.716216216,
    "Middle_Eastern": 2.364864865,
    "French": 5.067567568,
    "American": 4.054054054,
    "European_Other": 4.72972973,
    "African": 1.013513514,
    "Latin_American": 5.405405405,
    "Other": 1.351351351
  },
  "Richmond upon Thames": {
    "Italian": 31.66666667,
    "Chinese": 7.222222222,
    "Indian": 12.22222222,
    "Japanese_Korean": 5.555555556,
    "Pakistani": 5.555555556,
    "Southeast_Asian": 10,
    "Mediterranean": 6.666666667,
    "Middle_Eastern": 1.666666667,
    "French": 5,
    "American": 5,
    "European_Other": 4.444444444,
    "African": 0.555555556,
    "Latin_American": 2.222222222,
    "Other": 2.222222222
  },
  "Hounslow": {
    "Italian": 13.28671329,
    "Chinese": 9.79020979,
    "Indian": 26.57342657,
    "Japanese_Korean": 2.797202797,
    "Pakistani": 9.79020979,
    "Southeast_Asian": 11.18881119,
    "Mediterranean": 4.895104895,
    "Middle_Eastern": 2.797202797,
    "French": 4.195804196,
    "American": 5.594405594,
    "European_Other": 4.195804196,
    "African": 0.699300699,
    "Latin_American": 2.097902098,
    "Other": 2.097902098
  },
  "Lewisham": {
    "Italian": 12.25806452,
    "Chinese": 16.77419355,
    "Indian": 16.77419355,
    "Japanese_Korean": 1.290322581,
    "Pakistani": 10.32258065,
    "Southeast_Asian": 9.677419355,
    "Mediterranean": 10.96774194,
    "Middle_Eastern": 0.64516129,
    "French": 2.580645161,
    "American": 3.225806452,
    "European_Other": 4.516129032,
    "African": 3.870967742,
    "Latin_American": 5.806451613,
    "Other": 1.290322581
  },
  "Barnet": {
    "Italian": 17.59259259,
    "Chinese": 15.27777778,
    "Indian": 11.11111111,
    "Japanese_Korean": 9.259259259,
    "Pakistani": 9.722222222,
    "Southeast_Asian": 6.481481481,
    "Mediterranean": 13.42592593,
    "Middle_Eastern": 4.62962963,
    "French": 1.851851852,
    "American": 3.240740741,
    "European_Other": 2.314814815,
    "African": 1.851851852,
    "Latin_American": 2.777777778,
    "Other": 0.462962963
  },
  "Croydon": {
    "Italian": 16.86746988,
    "Chinese": 16.86746988,
    "Indian": 12.04819277,
    "Japanese_Korean": 1.807228916,
    "Pakistani": 8.43373494,
    "Southeast_Asian": 6.626506024,
    "Mediterranean": 9.036144578,
    "Middle_Eastern": 1.204819277,
    "French": 2.409638554,
    "American": 4.21686747,
    "European_Other": 4.21686747,
    "African": 1.807228916,
    "Latin_American": 12.65060241,
    "Other": 1.807228916
  },
  "Ealing": {
    "Italian": 10.34482759,
    "Chinese": 6.896551724,
    "Indian": 21.26436782,
    "Japanese_Korean": 5.172413793,
    "Pakistani": 14.94252874,
    "Southeast_Asian": 5.747126437,
    "Mediterranean": 9.195402299,
    "Middle_Eastern": 8.045977011,
    "French": 2.298850575,
    "American": 2.873563218,
    "European_Other": 6.32183908,
    "African": 0.574712644,
    "Latin_American": 2.873563218,
    "Other": 3.448275862
  },
  "Newham": {
    "Italian": 12.23021583,
    "Chinese": 13.66906475,
    "Indian": 28.05755396,
    "Japanese_Korean": 4.316546763,
    "Pakistani": 5.035971223,
    "Southeast_Asian": 6.474820144,
    "Mediterranean": 7.913669065,
    "Middle_Eastern": 0.71942446,
    "French": 0.71942446,